DELETE FROM SpecialAbilities
INSERT INTO SpecialAbilities(Id,Name,Code,Effect) VALUES
('57b063f9-6558-4870-bfdf-18c26ceb7e57','Active Probe','PRB','No tooltip'),
('0a8caa44-dd7e-4eb4-a632-51e3e368e43a','Advanced Fire Control','AFC','No tooltip'),
('10629395-f611-499c-88db-0a97f4da242a','Aerospace Transport','AT','No tooltip'),
('25945348-17c9-4e56-b1be-72f662925be2','Amphibious','AMP','No tooltip'),
('aac42b30-91e1-463b-adb2-bf38843e0f38','Angel ECM','AECM','No tooltip'),
('1527380f-970d-45c8-9729-80fae905825e','Anti-''Mech','AM','No tooltip'),
('64b1cecf-fe47-4869-9e37-855a392a9b63','Anti-Missile System','AMS','No tooltip'),
('d5f839e9-8058-4f5f-821a-8c70b03a7acf','Armored Component','ARM','No tooltip'),
('29235d34-2ece-4e27-bbe5-00bd60e781ee','Armored Motive System','ARS','No tooltip'),
('dda6633d-696c-4ce3-ba02-c63389be1e44','Artillery','ARTX-','No tooltip'),
('fb351425-3664-4c09-a396-6972726b39c1','Atmospheric','ATMO','No tooltip'),
('9cd69a18-ad8f-4e5d-9f0e-e9bfba0ddc90','Autocannon','AC','No tooltip'),
('99c9d058-9af7-4e47-871e-704b34ee68d1','BAR','BAR','No tooltip'),
('b4c7319d-1db8-443b-9f2e-1b0de03a6dbb','Basic Fire Control','BFC','No tooltip'),
('6182d0c1-cebe-497e-abdb-0336a0ec32b9','BattleMech HarJel','BHJ','No tooltip'),
('aab25da7-b879-44b0-920e-45d6916d24ac','BattleMech Shield','SHLD','No tooltip'),
('63b105de-e8dd-4812-9f34-38242b572488','Bloodhound','BH','No tooltip'),
('f2befb59-9373-4347-8b1a-5df19301d8c6','Bomb','BOMB','No tooltip'),
('6b3edcd4-6fb1-42a8-8284-0ba7fde90496','Booby Trap','BT','No tooltip'),
('75cc9d47-725b-40d2-a26c-75c0460f0519','Bridgelayer','BRID','No tooltip'),
('06d01ac2-1068-40d5-887c-2a6b50c2523e','C3/C3i Boosted System','C3BS','No tooltip'),
('79be99e5-685e-4b95-b55e-46e2684c4704','C3 Emergency Master Computer','C3EM','No tooltip'),
('71a6d093-5930-426a-9b82-6a8c88061812','C3 Master Computer','C3M','No tooltip'),
('55a868f4-3395-46ca-8e67-3efd8947e0ee','C3 Remote Sensor','C3RS','No tooltip'),
('513f52a5-7b6e-4425-9ef9-c6fe59e41cf2','C3 Slave Computer','C3S','No tooltip'),
('9e3aa68d-8955-499c-aed6-bad0c63a75c2','C3 Improved Computer','C3I','No tooltip'),
('8f30f838-ee5a-451e-aa22-f72dc3ec896c','Capital','CAP','No tooltip'),
('21ce5eaf-e6f3-461c-924e-62821e347dd3','Cargo Transport (Kilotons)','CK','No tooltip'),
('2859c28a-8a44-4dec-9fa2-0d776e17c546','Cargo','CAR','No tooltip'),
('bec7f2d5-54de-459c-8184-a2a02df6d4e9','Cargo Transport (Tons)','CT','No tooltip'),
('d31694fd-f21c-479b-8e5d-ec403f40d3fd','CASE','CASE','No tooltip'),
('ebc228d4-d822-4aa6-9364-a6707835938f','CASE II','CASEII','No tooltip'),
('a575bc1b-4677-423f-bc4a-f3b9eb2d6d66','Door','D','No tooltip'),
('88558390-6655-4d39-873c-3d62a20f0a94','Drone','DRO','No tooltip'),
('f52acf8f-6b5f-45ad-8086-e248fc3918a9','Drone Carrier Control System','DCC','No tooltip'),
('9dc30483-cecb-4fb5-bbd0-02e1b5d62522','DropShip Transport','DT','No tooltip'),
('495ed4ff-6817-4ad3-9e19-8b6a902f6f4e','Ejection Seat','ES','No tooltip'),
('5f8d2079-dc07-4d68-8e8f-da66267a9f4a','Elementary Engine','EE/FC','No tooltip'),
('9a8bc037-057c-4de6-b7e8-d73f0b2151b8','Electronic Countermeasures','ECM','No tooltip'),
('3b8ddd59-a8de-4900-bb90-f77bee46d131','Energy','ENE','No tooltip'),
('c1a602e2-0a99-43b8-be9c-099b357f533c','Engineering','ENG','No tooltip'),
('d7665019-ffb6-4661-a874-dc4fa97f5e56','Environmental Sealing','SEAL','No tooltip'),
('ba75a994-f4b7-49c1-b9bd-e4548b9809c4','Extended Mechanized','XMEC','No tooltip'),
('e719a97f-1094-452a-aff9-6c321afe90ef','Fire Resistant','FR','No tooltip'),
('a796463a-8878-4b27-ac5c-9c8ac6ea15ef','Flak','FLK','No tooltip'),
('ac5a4af6-a2ca-45a7-bbcc-5d4647a7136c','Flight Deck','FD','No tooltip'),
('f2dacd73-80b4-4bff-932d-e315a33f8e52','Heat','HT','No tooltip'),
('ee1226cb-1a18-4f2b-9d78-3cc6f5894a1e','Helipad','HELI','No tooltip'),
('1f9f41db-faa7-4a49-921d-312c0b1a4575','Hyperpulse Generator','HPG','No tooltip'),
('411b8795-a3f3-460c-9949-8aaca6de217f','iNARC','INARC','No tooltip'),
('ad44974a-082b-42f9-894e-791078d4c2b7','Indirect Fire','IF','No tooltip'),
('39d9fa16-850e-48f1-aede-774b34864611','Industrial TSM','I-TSM','No tooltip'),
('22a53f02-3628-4659-b4ff-834f9a49c351','Infantry Transport','IT','No tooltip'),
('ab476e62-4bdf-4376-b462-69e14da72891','Kearny-Fuchida Drive','KF','No tooltip'),
('19d831bb-5273-4209-97fd-aae04e814310','Large','LG','No tooltip'),
('34a99a7f-a036-48c6-ac09-ad0268762e05','Leader','LEAD','No tooltip'),
('5aab917b-206b-496c-9493-1cd3b91da54f','Light Active Probe','LPRB','No tooltip'),
('d24517fc-a547-4fe4-a448-82bf846c3fe2','Light ECM','LECM','No tooltip'),
('b67bdf08-226a-41a0-abff-a393f7a78d56','Light TAG','LTAG','No tooltip'),
('4ecca17e-3293-456f-9b2f-f2de92e79f87','Lithium-Fusion','LF','No tooltip'),
('fb432bff-ad62-440b-af08-920cb23e7579','Long Range Missile','LRM','No tooltip'),
('543fcea7-c601-4a1d-aa7a-425583f297d6','Maglev','MAG','No tooltip'),
('543d8514-54c7-447f-bb26-ab1acea88ba9','Mech Transport','MT','No tooltip'),
('1df13177-b45e-440c-94fe-411dbc215b67','Mechanized','MECH','No tooltip'),
('ec6126a6-c01c-437c-9579-c45a178f6081','Melee','MEL','No tooltip'),
('9747d2b9-d4ae-451a-b77a-afeee5f985cf','Mimetic Armor Systems','MAS','No tooltip'),
('47156df1-3968-4647-852f-b1cc2922b827','Mine Dispenser','MDS','No tooltip'),
('255f4de8-300b-4147-8be7-8f204a7b5e4c','Minesweeper','MSW','No tooltip'),
('767e1abd-796e-49c8-bc44-4b4f07e80d7f','Missile','MSL','No tooltip'),
('eab85fa5-12ab-4f13-b888-0d72eea8b606','Mobile Army Surgical Hospital','MASH','No tooltip'),
('3071efc1-0e67-4b4a-b126-fcb616b9cb30','Mobile Field Base','MFB','No tooltip'),
('b3de83f2-414a-4488-b22d-8c1f408051a2','Mobile Headquarters','MHQ','No tooltip'),
('3a8ed4cd-d5c1-47bb-af74-d10447fac236','Narc Missile Beacon','NARC','No tooltip'),
('0cd3e089-1d2b-43b7-b87d-029b02012790','Naval C3','NC3','No tooltip'),
('86cf3b7f-4fe1-4099-b165-e361190787ea','Off-Road','ORO','No tooltip'),
('bd8168c5-a3a9-4868-87c0-c20f2bb850dd','Omni','OMNI','No tooltip'),
('df15c231-3614-40fc-acaa-5fb0a52758e0','Point Defense','PNT#','No tooltip'),
('91990897-af4f-4445-b8da-3ee81c418298','ProtoMech Transport','PT','No tooltip'),
('57b6fd83-8050-48b9-86f5-6d9e53bcd9b5','Rail','RAIL','No tooltip'),
('fc6747c1-b074-41df-902e-df992f9c94bd','Recon','RCN','No tooltip'),
('aa31f568-0e2b-41ca-98b7-af836a44d6e3','Remote Sensors Dispenser','RSD','No tooltip'),
('5D3C4F86-E28D-48ED-97D8-A56F6D261F4A','Rear Mounted Weapons','REAR','No tooltip'),
('d8a15ea8-b820-405d-b861-7a1d3696d539','Saw','SAW','No tooltip'),
('8abdaf1a-fcc4-45e1-b83e-dab86f405dec','Screen','SCR','No tooltip'),
('63924425-f751-4d8d-93dc-d9e3bfb7aebc','Searchlight','SRCH','No tooltip'),
('f53dcbfa-7914-4b0b-aa7c-f0e493e5b998','Short Range Missiles','SRM','No tooltip'),
('2aace213-adec-4025-927c-9dfa18597bc2','Space Craft Transport','ST','No tooltip'),
('e1a9c644-d96e-4037-89b6-ec3ade8e6c7b','Space Defense System','SDS','No tooltip'),
('3fddcc3f-03d1-42f4-b1da-68d41bbf2f2e','Space Ops Adaptation','SOA','No tooltip'),
('46015f59-2827-4103-b32f-a7f31d143a6c','Spaceflight','SPC','No tooltip'),
('42c672f8-c8a0-45e6-bf57-a38e42577c65','Stealth','STL','No tooltip'),
('4023496e-eeb8-49c6-bb50-63bf8178aaea','Sub-Capital','SCAP','No tooltip'),
('4aa0affb-99cb-4116-9224-71b5616d85e4','Super Large','SLG','No tooltip'),
('cfce278c-ee41-43ce-96a4-356ac3cddf7e','Target Acquisition Gear','TAG','No tooltip'),
('c305b2bb-643d-4501-aff7-32f2cca1fff9','Taser','TAS','No tooltip'),
('aaef043f-bc2b-445b-9feb-f90461d040a1','Tele-operated Missiles','TELE','No tooltip'),
('d83a6fa5-af0c-43cc-b7b8-dd0646117dc1','Torpedo','TOR','No tooltip'),
('980ff3d7-7c43-48ba-bf8a-21ca49b628c7','Triple-strength Myomer','TSM','No tooltip'),
('e551fb56-9608-4d4c-ab3e-40534ed049c9','Turret','TUR','No tooltip'),
('512be13d-6e89-4d90-8580-965d7612d074','Underwater Maneuvering Unit','UMU','No tooltip'),
('f0aecb89-ed4d-48bf-b890-fcc47c4652ae','Variable Range Targeting','VRT','No tooltip'),
('24d9fe55-fac4-4073-8a82-e54de2ba4cd3','Vehicle Transport','VT','No tooltip'),
('61bf3e58-7af5-4156-b10f-6a69c6c02d13','Very Large','VLG','No tooltip'),
('0d318c66-9daa-4711-8294-0819e46205a1','VSTOL','VSTOL','No tooltip'),
('ddd32024-e60b-4bfd-be1a-2f53213d4ecf','Watchdog','WAT','No tooltip'),
('5ff87a84-5775-4d3a-815c-b7e11faed185','Arrow IV (IS)','AIS','No tooltip'),
('e319cec4-ba43-4a7b-b1e3-e409f7465fd9','Arrow IV (Clan)','AC','No tooltip'),
('0f3f29fa-3568-4e95-a102-8dac7b44637a','Thumber','T','No tooltip'),
('712d3b49-bf83-4b74-bbfd-33bae59156cf','Sniper','S','No tooltip'),
('26664c8e-eff4-4d15-94f1-e5ee7910cd58','Long Tom','LT','No tooltip'),
('c6a8498a-57b4-4024-85bb-10f2311dbf5b','Cruise Missile/50','CM5','No tooltip'),
('c5708e7a-6098-4e16-ba7b-23a329f15b68','Cruise Missile/70','CM7','No tooltip'),
('a44d4f09-7432-464b-ac8d-71330ae8ff05','Cruise Missile/90','CM9','No tooltip'),
('51bb153e-1cbe-485b-9df0-8e3de45ce4f3','Cruise Missile/120','CM12','No tooltip'),
('f606e1be-d6e4-4129-9b08-fabe6869da33','Thumper Cannon','TC','No tooltip'),
('0a062493-d0f2-491d-a22c-06647c1d1065','Sniper Cannon','SC','No tooltip')

DELETE FROM MovementTypes
INSERT INTO MovementTypes (Id, Name, Suffix) VALUES
('{244B2650-BD07-4069-B936-E15CB6CF6D30}','Ground',''),
('{678797FF-4960-4865-BF6C-415F5E9FD112}','Jump','j'),
('{EFF20C9B-CAA7-4EAF-B267-5BA23B94A206}','Hover','h'),
('{E31432E0-556D-4529-AE45-E9360247648B}','Naval','n'),
('{4F3FB911-FC7A-45E2-B883-860851BF7772}','Submersible','s'),
('{56AD3C08-FA2F-43FE-B791-4C853DF0AFFD}','Tracked','t'),
('{18521F05-9962-457F-BFAE-C1A58858B4E3}','VTOL','v'),
('{DE2EAE2F-9B38-4426-9A0A-329296CF83B5}','Wheeled','w'),
('{7549DBFC-FBD6-4A13-802F-8445F266FD1F}','WiGE','g'),
('{33D43794-92EF-468E-9660-C315C7D22D6E}','Foot','f'),
('{7C650C36-C181-4397-9AB1-5B41472AC7AC}','Motorized','m'),
('{B8B356AF-E544-4798-8318-56A7A9E20145}','Aerodyne','a'),
('{5773DAA5-EE57-41AD-9DD9-AC643B4CEF4C}','Airship','i'),
('{99525C82-E784-44DF-8102-079EF24516BF}','Spheroid','p')

DELETE FROM [dbo].[BattleMechModels]
INSERT INTO [dbo].[BattleMechModels] ([Id],[ModelNumber],[ModelName],[Price])
     VALUES
           ('{DE624EE6-E1F2-4428-A8F3-B255F49DE8C0}','GLT-4L','Guillotine',6016584),
		   ('{1A99F440-B85F-4AEA-B945-6722070A064A}','FS9-A','Firestarter',3075975),
		   ('{3DBE2AD1-299B-4A96-91F5-A8332E1CFCBA}','CPLT-C1','Catapult',5691124),
		   ('{4F66CAE7-5453-4F5C-A242-2ED026E11DAD}','CPLT-K2','Catapult',5347925),
		   ('{61F41726-F331-403B-ABC1-8D09C11513F9}','JR7-D','Jenner',3161925),
		   ('{2B7334B7-6C84-4F86-9E04-785393D8A5D6}','ASN-21','Assassin',3686014),
		   ('{0DEE04FA-AA17-4311-B083-7DC56A0D2F24}','FLS-8K','Flashman',17828125),
		   ('{ACAAEB3B-1D06-4DB1-BE3D-FAD1F0AC0CBF}','AWS-8Q','Awesome',6598170),
		   ('{1960543D-ABAF-4B8A-BCBC-B57BFEBDA0BE}','CN9-A','Centurion',3383500),
		   ('{DAC9EAAB-51BF-456E-BA62-BD49442E4F58}','ON1-K','Orion',6501250),
		   ('{E300D088-F77F-4574-BAFA-1C0BDEBFCB4B}','GHR-5H','Grasshopper',4203500)

INSERT INTO BattleForceStats (Id,Size,ShortRangeDamage,MediumRangeDamage,LongRangeDamage,OverheatValue,Armor,Structure,PV,BattleMechModel_Id) VALUES
('{75618213-E8AF-4E4C-BE1D-BC297198424E}',3,4,4,0,0,6,6,37,'{DE624EE6-E1F2-4428-A8F3-B255F49DE8C0}'),
('{00D917C1-B4E9-46DD-86AE-035B6432E036}',1,2,1,0,0,3,3,19,'{1A99F440-B85F-4AEA-B945-6722070A064A}'),
('{182BA6E6-2E3B-46C3-A7A1-6D300E60065E}',3,2,3,2,1,5,5,19,'{3DBE2AD1-299B-4A96-91F5-A8332E1CFCBA}'),
('{D0FB66AA-CEE9-42DF-8CF4-94399311505A}',3,3,3,2,0,6,5,32,'{4F66CAE7-5453-4F5C-A242-2ED026E11DAD}'),
('{D0A29797-C242-45BA-8CFD-FCBA7F9A21E0}',1,2,2,0,1,2,3,20,'{61F41726-F331-403B-ABC1-8D09C11513F9}'),
('{C83F06CC-4316-4E5D-B900-EFD979CFA894}',2,1,1,0,0,2,3,17,'{2B7334B7-6C84-4F86-9E04-785393D8A5D6}'),
('{B48DB02B-CDAE-4B46-AEBE-8A47E9ED7AC2}',3,4,4,0,1,7,3,37,'{0DEE04FA-AA17-4311-B083-7DC56A0D2F24}'),
('{DD55162B-A9EC-4F60-82B7-0110B607BAE0}',4,3,3,3,0,8,6,39,'{ACAAEB3B-1D06-4DB1-BE3D-FAD1F0AC0CBF}'),
('{EE4BD08F-B23D-4BDA-A9D5-237A734E9BBD}',2,2,3,1,0,5,4,28,'{1960543D-ABAF-4B8A-BCBC-B57BFEBDA0BE}'),
('{30CCF499-2137-41CE-A6E5-E3559CC6A9D2}',3,3,3,1,1,8,6,39,'{DAC9EAAB-51BF-456E-BA62-BD49442E4F58}'),
('{10CA39A9-3249-4588-BC86-DDAC6F625D7B}',3,3,4,0,0,7,6,39,'{E300D088-F77F-4574-BAFA-1C0BDEBFCB4B}')

INSERT INTO MovementAbilities (Id,MovementTypeId,BattleforceStatsId,Amount) VALUES
('{76B61948-B79C-4380-879D-0ED0CFF6E8A9}','{244B2650-BD07-4069-B936-E15CB6CF6D30}','{75618213-E8AF-4E4C-BE1D-BC297198424E}',4),
('{C4B51DD0-D91D-4114-BB3D-23A25E3532CF}','{678797FF-4960-4865-BF6C-415F5E9FD112}','{75618213-E8AF-4E4C-BE1D-BC297198424E}',4),
('{CBBB9DB2-3945-463C-87F0-4D63BAD63254}','{244B2650-BD07-4069-B936-E15CB6CF6D30}','{00D917C1-B4E9-46DD-86AE-035B6432E036}',6),
('{03BDA4E3-C306-4A6C-8597-EF5E1147F8EC}','{678797FF-4960-4865-BF6C-415F5E9FD112}','{00D917C1-B4E9-46DD-86AE-035B6432E036}',6),
('{77C0DD7E-37C9-4F11-96EC-91DC9F786C4C}','{244B2650-BD07-4069-B936-E15CB6CF6D30}','{182BA6E6-2E3B-46C3-A7A1-6D300E60065E}',4),
('{2175F9E9-B52B-40FB-BE37-C64034A00E7C}','{678797FF-4960-4865-BF6C-415F5E9FD112}','{182BA6E6-2E3B-46C3-A7A1-6D300E60065E}',4),
('{3C2999FC-4456-44B9-ABCE-B5372F4617D8}','{244B2650-BD07-4069-B936-E15CB6CF6D30}','{D0FB66AA-CEE9-42DF-8CF4-94399311505A}',4),
('{DF326A0A-4CA5-4077-A962-119ED6484748}','{244B2650-BD07-4069-B936-E15CB6CF6D30}','{D0A29797-C242-45BA-8CFD-FCBA7F9A21E0}',7),
('{96EA6EE2-00E8-4CCF-BAAB-3267CD29C24F}','{678797FF-4960-4865-BF6C-415F5E9FD112}','{D0A29797-C242-45BA-8CFD-FCBA7F9A21E0}',5),
('{0BFA6CA0-2C75-4739-B47E-6166BB36E661}','{244B2650-BD07-4069-B936-E15CB6CF6D30}','{C83F06CC-4316-4E5D-B900-EFD979CFA894}',7),
('{70C41336-320A-4E99-A919-0C715B8A9D5A}','{678797FF-4960-4865-BF6C-415F5E9FD112}','{C83F06CC-4316-4E5D-B900-EFD979CFA894}',7),
('{02DA4623-4658-4DCE-9A14-81C0C7CCAEAB}','{244B2650-BD07-4069-B936-E15CB6CF6D30}','{B48DB02B-CDAE-4B46-AEBE-8A47E9ED7AC2}',5),
('{1689D143-D993-498A-80D9-685558CF0F97}','{244B2650-BD07-4069-B936-E15CB6CF6D30}','{DD55162B-A9EC-4F60-82B7-0110B607BAE0}',3),
('{63D47D2E-457D-41FE-A411-FD48B00955DB}','{244B2650-BD07-4069-B936-E15CB6CF6D30}','{30CCF499-2137-41CE-A6E5-E3559CC6A9D2}',4),
('{30CCF499-2137-41CE-A6E5-E3559CC6A9D2}','{244B2650-BD07-4069-B936-E15CB6CF6D30}','{EE4BD08F-B23D-4BDA-A9D5-237A734E9BBD}',4),
('{F0B38E58-8916-4C34-8C7A-2EFB433F24D1}','{244B2650-BD07-4069-B936-E15CB6CF6D30}','{10CA39A9-3249-4588-BC86-DDAC6F625D7B}',4),
('{EF64E5C3-932A-4F25-A006-D6CDE565E7BB}','{678797FF-4960-4865-BF6C-415F5E9FD112}','{10CA39A9-3249-4588-BC86-DDAC6F625D7B}',4)


INSERT INTO BattleforceStatsSpecialAbilities(Id,SpecialAbilityId,Parameter,ShortRange,MediumRange,LongRange,BattleforceStatsId) VALUES
('{305E1E1D-9E9A-4C2E-BA72-25504BC72AB9}','3b8ddd59-a8de-4900-bb90-f77bee46d131',NULL,NULL,NULL,NULL,'{00D917C1-B4E9-46DD-86AE-035B6432E036}'),
('{80DAF0A6-74A2-4691-9C08-966E8343071E}','f2dacd73-80b4-4bff-932d-e315a33f8e52',NULL,1,0,0,'{00D917C1-B4E9-46DD-86AE-035B6432E036}'),
('{346E8036-ECAE-4EE4-B9C4-5F229E4127E7}','ad44974a-082b-42f9-894e-791078d4c2b7',1,NULL,NULL,NULL,'{182BA6E6-2E3B-46C3-A7A1-6D300E60065E}'),
('{A1E6EAB8-1470-4483-A703-C90D9935229C}','fb432bff-ad62-440b-af08-920cb23e7579',NULL,1,1,1,'{182BA6E6-2E3B-46C3-A7A1-6D300E60065E}'),
('{8110668A-3B7F-448C-812C-73311CC2D30D}','ad44974a-082b-42f9-894e-791078d4c2b7',0,NULL,NULL,NULL,'{C83F06CC-4316-4E5D-B900-EFD979CFA894}'),
('{478C17C9-8F3A-485C-B022-8AB9833443E9}','64b1cecf-fe47-4869-9e37-855a392a9b63',NULL,NULL,NULL,NULL,'{B48DB02B-CDAE-4B46-AEBE-8A47E9ED7AC2}'),
('{0345E03D-C2DF-4AB8-9405-7ADBB348E406}','5D3C4F86-E28D-48ED-97D8-A56F6D261F4A',NULL,1,1,0,'{B48DB02B-CDAE-4B46-AEBE-8A47E9ED7AC2}'),
('{BF5B26F1-9A0A-454F-8CEA-40D60B872396}','3b8ddd59-a8de-4900-bb90-f77bee46d131',NULL,NULL,NULL,NULL,'{DD55162B-A9EC-4F60-82B7-0110B607BAE0}'),
('{6D2359CB-AB71-4283-9301-CBCCF61112E4}','ad44974a-082b-42f9-894e-791078d4c2b7',1,NULL,NULL,NULL,'{EE4BD08F-B23D-4BDA-A9D5-237A734E9BBD}'),
('{0FD2E67C-F9F8-4EE2-985D-170CD67C54E4}','5D3C4F86-E28D-48ED-97D8-A56F6D261F4A',NULL,1,1,0,'{EE4BD08F-B23D-4BDA-A9D5-237A734E9BBD}'),
('{60CEC785-6C33-434E-BD21-C7A7FBF1053F}','9cd69a18-ad8f-4e5d-9f0e-e9bfba0ddc90',NULL,1,1,0,'{EE4BD08F-B23D-4BDA-A9D5-237A734E9BBD}'),
('{3B3700FE-5BB9-40DD-BDA5-7EBB27C60289}','ad44974a-082b-42f9-894e-791078d4c2b7',1,NULL,NULL,NULL,'{30CCF499-2137-41CE-A6E5-E3559CC6A9D2}'),
('{37A7A301-C2F7-460F-9987-7FA6CF3AABBD}','ad44974a-082b-42f9-894e-791078d4c2b7',0,NULL,NULL,NULL,'{C83F06CC-4316-4E5D-B900-EFD979CFA894}')















GO


